"","STATECD","UNITCD","COUNTYCD","PLOT","PLOTID","LAT","LON","cells"
"1",26,2,43,20239,"26_2_43_20239",45.827466,-87.953918,7
"2",26,1,41,207,"26_1_41_207",45.85,-86.47,11
"3",26,1,153,379,"26_1_153_379",45.85,-86.37,12
"4",26,3,29,8,"26_3_29_8",45.69,-85.58,14
"5",26,1,97,333,"26_1_97_333",45.72,-84.47,18
"6",23,2,3,764,"23_2_3_764",45.59761,-68.3375,69
"7",26,1,109,20246,"26_1_109_20246",45.534122,-87.276405,85
"8",26,3,47,84,"26_3_47_84",45.46,-85.02,92
"9",23,3,19,727,"23_3_19_727",45.27784,-68.08279,146
"10",26,3,89,20133,"26_3_89_20133",45.099401,-85.619492,166
"11",26,3,9,83,"26_3_9_83",44.99,-85.07,168
"12",26,3,137,156,"26_3_137_156",45.05,-84.71,169
"13",26,3,31,20182,"26_3_31_20182",45.256104,-84.487962,170
"14",26,3,141,122,"26_3_141_122",45.25,-84.14,171
"15",23,9,17,421,"23_9_17_421",45.25005,-70.8884,213
"16",23,9,7,112,"23_9_7_112",45.02783,-70.72173,214
"17",23,5,21,485,"23_5_21_485",45.12435,-69.49011,218
"18",26,3,55,20015,"26_3_55_20015",44.67567,-85.682309,242
"19",26,3,79,20153,"26_3_79_20153",44.804403,-84.970175,244
"20",26,3,39,63,"26_3_39_63",44.69,-84.39,246
"21",26,3,135,20253,"26_3_135_20253",44.752275,-83.922271,247
"22",26,3,7,140,"26_3_7_140",44.92,-83.61,248
"23",26,3,1,44,"26_3_1_44",44.81,-83.42,249
"24",36,1,89,556,"36_1_89_556",44.75006,-75.24965,275
"25",50,2,11,19,"50_2_11_19",44.86116,-72.5829,284
"26",50,2,19,136,"50_2_19_136",44.91671,-72.16621,285
"27",50,2,9,138,"50_2_9_138",44.91671,-71.88843,286
"28",23,7,25,804,"23_7_25_804",44.80562,-69.58283,293
"29",23,1,29,43,"23_1_29_43",44.94077,-68.06066,298
"30",26,3,19,20027,"26_3_19_20027",44.564277,-86.044619,317
"31",26,3,165,14,"26_3_165_14",44.48,-85.61,318
"32",26,3,113,10262,"26_3_113_10262",44.490905,-84.862695,320
"33",26,3,143,80,"26_3_143_80",44.34,-84.42,322
"34",26,3,129,29,"26_3_129_29",44.44,-83.9,324
"35",26,3,69,20064,"26_3_69_20064",44.496431,-83.540415,325
"36",36,1,33,6135,"36_1_33_6135",44.607551,-74.226077,354
"37",36,1,19,246,"36_1_19_246",44.5556,-73.74959,356
"38",36,4,31,342,"36_4_31_342",44.36116,-73.52736,357
"39",50,3,7,97,"50_3_7_97",44.50005,-73.05513,358
"40",50,2,15,174,"50_2_15_174",44.616323,-72.479349,360
"41",23,6,27,2187,"23_6_27_2187",44.63751,-69.07407,371
"42",23,4,9,5246,"23_4_9_5246",44.643978,-68.42705,373
"43",26,3,101,20236,"26_3_101_20236",44.255948,-86.278942,392
"44",26,3,133,20139,"26_3_133_20139",44.097644,-85.189096,395
"45",26,3,35,20037,"26_3_35_20037",44.134627,-84.778985,397
"46",26,3,51,10,"26_3_51_10",44.08,-84.53,398
"47",36,1,45,112,"36_1_45_112",44.33339,-75.83301,425
"48",36,3,49,4453,"36_3_49_4453",44.075729,-75.288494,427
"49",50,2,23,158,"50_2_23_158",44.19451,-72.49955,436
"50",50,2,5,97,"50_2_5_97",44.25006,-72.27732,437
"51",33,2,3,1498,"33_2_3_1498",44.222094,-71.073919,441
"52",23,8,1,118,"23_8_1_118",44.11118,-70.27728,443
"53",23,6,11,907,"23_6_11_907",44.28997,-70.01021,444
"54",26,3,127,56,"26_3_127_56",43.72,-86.06,469
"55",26,3,85,20273,"26_3_85_20273",43.929331,-85.779965,470
"56",26,3,107,50,"26_3_107_50",43.72,-85.41,471
"57",26,3,11,20214,"26_3_11_20214",43.939628,-83.897984,476
"58",26,4,63,100,"26_4_63_100",43.81,-82.79,479
"59",36,3,43,520,"36_3_43_520",43.94822,-75.099765,504
"60",36,4,41,251,"36_4_41_251",43.86117,-74.49961,506
"61",50,3,21,1334,"50_3_21_1334",43.749474,-73.304912,509
"62",50,3,1,841,"50_3_1_841",43.950658,-73.157846,510
"63",50,2,17,100,"50_2_17_100",43.999226,-72.530046,512
"64",23,8,5,2655,"23_8_5_2655",43.91534,-70.06221,520
"65",23,6,15,90,"23_6_15_90",43.91675,-69.6106,521
"66",23,6,13,5295,"23_6_13_5295",44.002842,-69.220734,522
"67",26,3,73,20201,"26_3_73_20201",43.659846,-84.619762,549
"68",26,3,111,128,"26_3_111_128",43.57,-84.32,550
"69",26,3,17,20038,"26_3_17_20038",43.656843,-83.94433,551
"70",26,4,157,171,"26_4_157_171",43.42,-83.52,553
"71",26,4,151,20051,"26_4_151_20051",43.498085,-83.016794,554
"72",36,2,75,129,"36_2_75_129",43.47229,-75.86075,577
"73",36,4,113,4393,"36_4_113_4393",43.693562,-73.777382,584
"74",50,3,27,254,"50_3_27_254",43.5834,-72.4162,588
"75",33,2,9,153,"33_2_9_153",43.697535,-71.618005,591
"76",23,8,31,29,"23_8_31_29",43.50008,-70.66617,594
"77",26,4,121,18,"26_4_121_18",43.34,-86.3,620
"78",26,3,123,20272,"26_3_123_20272",43.294042,-85.854156,621
"79",26,4,117,120,"26_4_117_120",43.2,-85.06,624
"80",26,4,49,20015,"26_4_49_20015",43.124794,-83.81918,628
"81",26,4,87,119,"26_4_87_119",43.27,-83.02,630
"82",36,2,63,1895,"36_2_63_1895",43.134685,-78.786763,644
"83",36,2,73,37,"36_2_73_37",43.36117,-78.44419,645
"84",36,2,117,107,"36_2_117_107",43.13895,-77.22193,649
"85",36,7,91,4313,"36_7_91_4313",43.221654,-74.014671,659
"86",36,7,115,3997,"36_7_115_3997",43.323808,-73.363926,661
"87",33,3,19,39,"33_3_19_39",43.317763,-72.156505,665
"88",33,3,13,233,"33_3_13_233",43.25008,-71.94397,666
"89",33,3,17,109,"33_3_17_109",43.16675,-71.05506,669
"90",26,4,139,63,"26_4_139_63",42.93,-86.01,697
"91",26,4,81,20049,"26_4_81_20049",42.957785,-85.337003,699
"92",26,4,67,113,"26_4_67_113",42.97,-84.9,700
"93",26,4,37,20071,"26_4_37_20071",43.020333,-84.614373,701
"94",26,4,155,20050,"26_4_155_20050",42.838198,-84.178984,703
"95",36,2,37,43,"36_2_37_43",42.9445,-78.02751,722
"96",36,2,55,429,"36_2_55_429",42.95983,-77.511049,724
"97",36,2,69,103,"36_2_69_103",43.00006,-77.27748,725
"98",36,2,67,3703,"36_2_67_3703",42.812957,-76.082569,729
"99",36,2,53,2056,"36_2_53_2056",43.003194,-75.596481,730
"100",36,3,35,1044,"36_3_35_1044",43.040862,-74.609673,733
"101",36,7,57,82,"36_7_57_82",42.83341,-74.36069,734
"102",36,7,93,4435,"36_7_93_4435",42.808343,-74.11264,735
"103",50,3,3,668,"50_3_3_668",42.903534,-73.039004,738
"104",50,3,25,221,"50_3_25_221",42.91675,-72.86065,739
"105",33,3,5,95,"33_3_5_95",42.94453,-72.4162,740
"106",33,3,11,270,"33_3_11_270",42.80564,-71.94397,742
"107",33,3,15,177,"33_3_15_177",43.02786,-71.30506,744
"108",26,4,5,20117,"26_4_5_20117",42.630094,-85.949859,773
"109",26,4,15,74,"26_4_15_74",42.53,-85.08,776
"110",26,4,65,20111,"26_4_65_20111",42.54481,-84.491423,778
"111",26,4,125,176,"26_4_125_176",42.75,-83.27,782
"112",26,4,147,113,"26_4_147_113",42.75,-82.57,784
"113",36,2,29,2798,"36_2_29_2798",42.492836,-78.650296,796
"114",36,2,121,55,"36_2_121_55",42.66673,-78.11084,798
"115",36,2,51,949,"36_2_51_949",42.599724,-77.498197,800
"116",36,2,123,67,"36_2_123_67",42.63896,-77.16636,801
"117",36,2,99,40,"36_2_99_40",42.66674,-76.83301,802
"118",36,2,11,5951,"36_2_11_5951",42.76956,-76.43487,803
"119",36,6,23,2874,"36_6_23_2874",42.588806,-75.888671,805
"120",36,6,17,154,"36_6_17_154",42.61118,-75.6663,806
"121",36,6,77,5256,"36_6_77_5256",42.567466,-75.068449,808
"122",36,8,95,1071,"36_8_95_1071",42.636842,-74.332158,810
"123",36,7,1,4429,"36_7_1_4429",42.604344,-73.919143,811
"124",36,7,83,14,"36_7_83_14",42.69452,-73.41622,813
"125",25,1,11,678,"25_1_11_678",42.571761,-72.286719,817
"126",25,1,17,1061,"25_1_17_1061",42.6022,-71.291455,820
"127",25,1,9,49,"25_1_9_49",42.66676,-71.05506,821
"128",26,4,159,27,"26_4_159_27",42.35,-85.85,849
"129",26,4,77,20250,"26_4_77_20250",42.298262,-85.319783,851
"130",26,4,25,85,"26_4_25_85",42.21,-84.92,852
"131",26,4,93,81,"26_4_93_81",42.43,-84.11,855
"132",26,4,163,85,"26_4_163_85",42.17,-83.53,857
"133",26,4,99,20243,"26_4_99_20243",42.456443,-82.914762,859
"134",36,5,13,188,"36_5_13_188",42.33339,-79.47199,870
"135",36,6,97,6693,"36_6_97_6693",42.307399,-76.833806,878
"136",36,6,107,2256,"36_6_107_2256",42.163164,-76.23865,880
"137",36,6,7,149,"36_6_7_149",42.38896,-76.0552,881
"138",36,6,25,392,"36_6_25_392",42.38897,-74.66626,885
"139",36,8,39,189,"36_8_39_189",42.310925,-74.097837,887
"140",36,7,21,114,"36_7_21_114",42.44453,-73.72179,888
"141",25,1,3,29,"25_1_3_29",42.16676,-73.0551,890
"142",25,1,15,660,"25_1_15_660",42.407747,-72.435053,892
"143",25,1,25,406,"25_1_25_406",42.231149,-71.128173,896
"144",26,4,27,20277,"26_4_27_20277",41.972662,-86.197788,924
"145",26,4,149,3,"26_4_149_3",42.01,-85.71,926
"146",26,4,23,8,"26_4_23_8",42.04,-85.15,928
"147",26,4,75,20055,"26_4_75_20055",42.079246,-84.614543,929
"148",26,4,59,20282,"26_4_59_20282",42.056763,-84.482438,930
"149",26,4,161,89,"26_4_161_89",42.14,-84.08,931
"150",26,4,115,18,"26_4_115_18",42.03,-83.44,933
"151",42,5,49,1772,"42_5_49_1772",42.0267,-80.21462,943
"152",42,6,123,1156,"42_6_123_1156",41.93399,-79.5751,945
"153",36,5,9,344,"36_5_9_344",42.13895,-78.99976,947
"154",42,6,83,11599,"42_6_83_11599",41.905136,-78.792778,948
"155",36,5,3,185,"36_5_3_185",42.02784,-78.19418,950
"156",36,5,101,696,"36_5_101_696",42.04633,-77.412779,952
"157",36,6,15,7544,"36_6_15_7544",42.133987,-76.838414,954
"158",42,8,115,16,"42_8_115_16",41.94453,-75.49962,958
"159",42,8,127,1440,"42_8_127_1440",41.83675,-75.43876,959
"160",25,1,13,58,"25_1_13_58",42.022501,-72.781302,967
"161",25,1,27,1251,"25_1_27_1251",42.07672,-72.057185,969
"162",25,1,21,56,"25_1_21_56",42.13899,-71.47173,971
"163",25,1,5,26,"25_1_5_26",42.02788,-71.16616,972
"164",25,1,23,923,"25_1_23_923",41.935247,-70.90694,973
"165",26,4,21,20082,"26_4_21_20082",41.831073,-86.682366,999
"166",39,6,51,2139,"39_6_51_2139",41.643697,-84.369249,1006
"167",39,6,95,421,"39_6_95_421",41.666099,-83.583551,1009
"168",39,6,123,2140,"39_6_123_2140",41.529629,-82.805829,1011
"169",39,4,85,2,"39_4_85_2",41.63894,-81.4165,1015
"170",39,4,7,131,"39_4_7_131",41.55561,-80.69425,1018
"171",42,5,39,134,"42_5_39_134",41.58339,-79.86089,1020
"172",42,6,117,1958,"42_6_117_1958",41.80429,-77.32525,1029
"173",42,8,15,5716,"42_8_15_5716",41.662137,-76.616365,1031
"174",42,8,131,3717,"42_8_131_3717",41.587725,-75.82961,1033
"175",42,8,69,382,"42_8_69_382",41.57375,-75.73415,1034
"176",36,8,105,3940,"36_8_105_3940",41.594724,-74.999796,1036
"177",36,8,71,6594,"36_8_71_6594",41.527696,-74.171688,1039
"178",9,1,5,30,"9_1_5_30",41.63899,-72.99955,1042
"179",9,1,3,133,"9_1_3_133",41.66677,-72.47175,1044
"180",9,1,15,413,"9_1_15_413",41.75349,-71.931273,1046
"181",44,1,3,301,"44_1_3_301",41.701872,-71.422952,1047
"182",44,1,1,8,"44_1_1_8",41.7501,-71.30505,1048
"183",25,1,1,56,"25_1_1_56",41.75011,-70.19391,1051
"184",39,6,171,52,"39_6_171_52",41.50005,-84.63884,1081
"185",39,6,69,22,"39_6_69_22",41.25005,-84.16661,1083
"186",39,6,173,1200,"39_6_173_1200",41.418041,-83.50365,1085
"187",39,6,143,336,"39_6_143_336",41.429876,-83.044089,1086
"188",39,4,43,29,"39_4_43_29",41.36116,-82.61101,1088
"189",39,4,93,1158,"39_4_93_1158",41.294173,-82.191597,1089
"190",39,4,35,4067,"39_4_35_4067",41.347568,-81.787239,1090
"191",39,4,153,6,"39_4_153_6",41.25006,-81.4165,1091
"192",39,4,55,2224,"39_4_55_2224",41.520901,-81.162079,1092
"193",39,4,155,7041,"39_4_155_7041",41.389134,-80.759064,1094
"194",42,6,121,2095,"42_6_121_2095",41.4526,-79.7606,1097
"195",42,6,53,90,"42_6_53_90",41.38895,-79.16643,1099
"196",42,6,47,1028,"42_6_47_1028",41.44451,-78.86087,1100
"197",42,6,23,18,"42_6_23_18",41.41673,-78.19417,1102
"198",42,6,35,185,"42_6_35_185",41.36118,-77.77749,1103
"199",42,6,113,59,"42_6_113_59",41.33341,-76.55523,1107
"200",42,8,79,2810,"42_8_79_2810",41.21683,-75.77467,1110
"201",36,8,119,5093,"36_8_119_5093",41.289604,-73.907473,1115
"202",36,8,27,181,"36_8_27_181",41.50009,-73.83291,1116
"203",9,1,1,26,"9_1_1_26",41.326418,-73.31401,1117
"204",9,1,9,119,"9_1_9_119",41.351575,-72.809746,1119
"205",9,1,7,686,"9_1_7_686",41.474362,-72.618523,1120
"206",25,1,7,807,"25_1_7_807",41.44456,-70.66614,1126
"207",25,1,19,901,"25_1_19_901",41.2779,-70.02724,1128
"208",39,6,125,3506,"39_6_125_3506",41.166902,-84.681036,1157
"209",39,6,39,39,"39_6_39_39",41.16672,-84.22217,1158
"210",39,6,63,70,"39_6_63_70",41.08339,-83.63882,1160
"211",39,6,175,2090,"39_6_175_2090",40.962865,-83.168179,1162
"212",39,4,77,59,"39_4_77_59",41.05561,-82.77768,1163
"213",39,4,169,2107,"39_4_169_2107",40.921286,-81.68909,1167
"214",39,4,133,655,"39_4_133_655",41.093528,-81.187461,1168
"215",39,4,99,36,"39_4_99_36",41.02784,-80.66646,1170
"216",42,5,73,3882,"42_5_73_3882",40.983471,-80.325867,1171
"217",42,5,19,3028,"42_5_19_3028",41.080204,-80.075777,1172
"218",42,6,31,37,"42_6_31_37",41.11118,-79.36088,1174
"219",42,6,33,210,"42_6_33_210",41.11117,-78.52752,1177
"220",42,0,119,33,"42_0_119_33",40.91675,-77.13858,1181
"221",42,8,93,11,"42_8_93_11",40.94453,-76.52745,1183
"222",42,8,37,58,"42_8_37_58",40.91675,-76.333,1184
"223",42,8,89,2549,"42_8_89_2549",41.12089,-75.46097,1187
"224",34,1,41,55,"34_1_41_55",41.05565,-74.97184,1188
"225",34,1,37,46,"34_1_37_46",41.13899,-74.72183,1189
"226",34,1,31,19,"34_1_31_19",41.11121,-74.44404,1190
"227",36,8,87,4071,"36_8_87_4071",41.100928,-74.032747,1191
"228",36,8,103,8265,"36_8_103_8265",40.933446,-73.314386,1193
"229",39,6,107,2906,"39_6_107_2906",40.641304,-84.585192,1233
"230",39,6,3,2338,"39_6_3_2338",40.781684,-84.041282,1235
"231",39,6,33,4493,"39_6_33_4493",40.801792,-83.036266,1238
"232",39,4,139,66,"39_4_139_66",40.77784,-82.66656,1239
"233",39,4,5,36,"39_4_5_36",40.66673,-82.33322,1241
"234",39,4,151,1804,"39_4_151_1804",40.810925,-81.299681,1244
"235",39,4,29,4231,"39_4_29_4231",40.874291,-80.757422,1246
"236",42,5,3,1558,"42_5_3_1558",40.59824,-79.95295,1248
"237",42,5,5,1974,"42_5_5_1974",40.73549,-79.63739,1249
"238",42,5,63,1817,"42_5_63_1817",40.62544,-79.01936,1251
"239",42,7,21,643,"42_7_21_643",40.64933,-78.5639,1253
"240",42,6,27,183,"42_6_27_183",40.80562,-77.94417,1255
"241",42,0,87,3438,"42_0_87_3438",40.748892,-77.445262,1256
"242",42,0,67,3608,"42_0_67_3608",40.647151,-77.263816,1257
"243",42,8,97,332,"42_8_97_332",40.77465,-76.77459,1258
"244",42,8,107,3696,"42_8_107_3696",40.640927,-76.516156,1259
"245",42,8,25,4808,"42_8_25_4808",40.880032,-75.911643,1261
"246",42,9,77,5,"42_9_77_5",40.66676,-75.77742,1262
"247",42,9,95,2282,"42_9_95_2282",40.64391,-75.23092,1263
"248",34,1,19,832,"34_1_19_832",40.6337,-74.785786,1265
"249",34,1,13,11922,"34_1_13_11922",40.720476,-74.322587,1266
"250",34,1,3,5860,"34_1_3_5860",40.874278,-74.047687,1267
"251",36,8,5,290,"36_8_5_290",40.86729,-73.853908,1268
"252",39,6,149,36,"39_6_149_36",40.36116,-84.41662,1310
"253",39,6,11,9,"39_6_11_9",40.5556,-84.13884,1311
"254",39,6,65,16,"39_6_65_16",40.52783,-83.63882,1312
"255",39,6,41,4393,"39_6_41_4393",40.314043,-83.109393,1314
"256",39,6,117,9001,"39_6_117_9001",40.528781,-82.822921,1315
"257",39,6,83,68,"39_6_83_68",40.36118,-82.24988,1317
"258",39,3,75,92,"39_3_75_92",40.58339,-81.86097,1318
"259",39,3,19,952,"39_3_19_952",40.486236,-81.264302,1320
"260",39,3,81,1454,"39_3_81_1454",40.496979,-80.678092,1322
"261",42,5,129,2222,"42_5_129_2222",40.36731,-79.32101,1326
"262",42,7,13,4618,"42_7_13_4618",40.353769,-78.457933,1329
"263",42,0,99,2298,"42_0_99_2298",40.27826,-77.54943,1332
"264",42,0,43,1883,"42_0_43_1883",40.47455,-76.81647,1334
"265",42,9,75,26,"42_9_75_26",40.3612,-76.6108,1335
"266",42,9,11,1966,"42_9_11_1966",40.3381,-76.14804,1336
"267",42,9,17,56,"42_9_17_56",40.44455,-75.08295,1340
"268",34,1,23,6668,"34_1_23_6668",40.414555,-74.375207,1342
"269",36,8,47,4457,"36_8_47_4457",40.578334,-73.880532,1344
"270",39,5,37,81,"39_5_37_81",40.22227,-84.63885,1385
"271",39,5,109,25,"39_5_109_25",40.08339,-84.13883,1387
"272",39,6,21,5312,"39_6_21_5312",40.219913,-83.906218,1388
"273",39,6,159,1737,"39_6_159_1737",40.271309,-83.343362,1389
"274",39,5,49,73,"39_5_49_73",40.02784,-82.86101,1391
"275",39,5,89,67,"39_5_89_67",40.00007,-82.22209,1393
"276",39,3,31,57,"39_3_31_57",40.25007,-81.97208,1394
"277",39,3,157,32,"39_3_157_32",40.25007,-81.52762,1395
"278",39,3,67,22,"39_3_67_22",40.19451,-81.13871,1396
"279",39,3,13,89,"39_3_13_89",40.160783,-80.988635,1397
"280",54,4,69,2245,"54_4_69_2245",40.04029,-80.576594,1398
"281",42,5,125,4242,"42_5_125_4242",40.077265,-80.436197,1399
"282",42,7,111,140,"42_7_111_140",40.2223,-79.02753,1403
"283",42,7,9,184,"42_7_9_184",40.00008,-78.47196,1405
"284",42,0,57,3427,"42_0_57_3427",40.01444,-77.961091,1407
"285",42,9,41,118,"42_9_41_118",40.19758,-76.91392,1410
"286",42,9,29,3,"42_9_29_3",40.13899,-75.63853,1414
"287",42,9,91,34,"42_9_91_34",40.139,-75.19406,1415
"288",34,1,21,44,"34_1_21_44",40.22233,-74.52738,1418
"289",34,1,25,2128,"34_1_25_2128",40.242672,-74.111518,1419
"290",39,5,135,26,"39_5_135_26",39.69449,-84.80551,1461
"291",39,5,113,12,"39_5_113_12",39.86117,-84.24994,1462
"292",39,5,23,55,"39_5_23_55",39.9445,-83.80548,1464
"293",39,5,97,3545,"39_5_97_3545",39.948978,-83.313864,1465
"294",39,5,47,45,"39_5_47_45",39.66673,-83.27769,1466
"295",39,5,45,2910,"39_5_45_2910",39.739879,-82.417206,1468
"296",39,2,127,5302,"39_2_127_5302",39.916087,-82.298115,1469
"297",39,3,59,2540,"39_3_59_2540",39.89716,-81.675127,1471
"298",39,3,111,63,"39_3_111_63",39.80563,-81.11094,1472
"299",54,4,51,24,"54_4_51_24",39.77785,-80.80537,1473
"300",42,5,59,27,"42_5_59_27",39.7223,-80.41647,1475
"301",42,7,51,106,"42_7_51_106",39.83341,-79.91644,1476
"302",24,5,1,390,"24_5_1_390",39.701177,-78.515653,1481
"303",42,0,55,1056,"42_0_55_1056",39.93425,-77.73899,1483
"304",42,9,1,2536,"42_9_1_2536",39.77476,-77.11419,1485
"305",42,9,133,114,"42_9_133_114",39.88899,-76.97192,1486
"306",42,9,71,47,"42_9_71_47",39.94455,-76.19412,1488
"307",42,9,45,15,"42_9_45_15",39.91678,-75.24963,1491
"308",34,1,7,915,"34_1_7_915",39.675416,-74.84935,1492
"309",34,1,5,8688,"34_1_5_8688",39.803077,-74.677805,1493
"310",34,1,29,475,"34_1_29_475",39.913956,-74.255288,1494
"311",39,5,17,6,"39_5_17_6",39.50005,-84.72217,1537
"312",39,5,57,54,"39_5_57_54",39.63895,-83.9166,1539
"313",39,5,27,60,"39_5_27_60",39.41673,-83.88882,1540
"314",39,1,141,5261,"39_1_141_5261",39.442231,-83.070391,1542
"315",39,2,73,128,"39_2_73_128",39.44451,-82.41654,1544
"316",39,2,115,907,"39_2_115_907",39.383157,-81.80681,1546
"317",39,2,167,7168,"39_2_167_7168",39.474707,-81.206513,1548
"318",54,4,73,630,"54_4_73_630",39.450337,-81.089785,1549
"319",54,4,17,36,"54_4_17_36",39.38897,-80.63871,1550
"320",54,4,49,22,"54_4_49_22",39.55564,-80.19424,1551
"321",54,2,91,252,"54_2_91_252",39.38509,-79.91078,1552
"322",54,2,77,74,"54_2_77_74",39.47231,-79.55533,1553
"323",24,5,23,394,"24_5_23_394",39.506677,-79.290821,1554
"324",54,2,57,39,"54_2_57_39",39.38899,-79.05531,1555
"325",54,2,27,91,"54_2_27_91",39.41676,-78.44418,1557
"326",54,2,3,1766,"54_2_3_1766",39.54161,-77.9992,1558
"327",24,2,43,5743,"24_2_43_5743",39.63898,-77.91639,1559
"328",24,2,21,52,"24_2_21_52",39.38899,-77.6386,1560
"329",24,2,13,34,"24_2_13_34",39.430272,-77.011866,1562
"330",24,2,5,111,"24_2_5_111",39.47233,-76.44413,1563
"331",24,2,25,68,"24_2_25_68",39.55566,-76.30524,1564
"332",24,2,15,5282,"24_2_15_5282",39.58345,-75.80522,1565
"333",10,1,3,5148,"10_1_3_5148",39.61122,-75.74966,1566
"334",34,1,33,1199,"34_1_33_1199",39.625956,-75.334533,1567
"335",34,1,1,23,"34_1_1_23",39.47234,-74.72183,1569
"336",39,5,61,32,"39_5_61_32",39.11117,-84.38883,1614
"337",39,1,25,1562,"39_1_25_1562",39.126847,-84.165056,1615
"338",39,1,71,21,"39_1_71_21",39.19451,-83.80548,1616
"339",39,2,163,9401,"39_2_163_9401",39.21172,-82.511532,1620
"340",39,2,9,152,"39_2_9_152",39.30563,-82.11098,1621
"341",54,4,107,1124,"54_4_107_1124",39.33297,-81.45782,1623
"342",54,4,105,1773,"54_4_105_1773",39.071887,-81.298569,1624
"343",54,4,85,46,"54_4_85_46",39.19453,-80.94427,1625
"344",54,2,41,877,"54_2_41_877",39.04523,-80.4841,1626
"345",54,2,1,46,"54_2_1_46",39.13898,-80.19425,1627
"346",54,2,93,58,"54_2_93_58",39.05566,-79.38866,1630
"347",51,4,69,30,"51_4_69_30",39.103173,-78.28612,1633
"348",51,4,43,90009,"51_4_43_90009",39.17,-78,1634
"349",54,2,37,30,"54_2_37_30",39.27788,-77.83305,1635
"350",51,3,107,74,"51_3_107_74",39.175194,-77.561331,1636
"351",24,2,27,1118,"24_2_27_1118",39.333784,-77.09933,1637
"352",24,2,29,5320,"24_2_29_5320",39.16678,-76.11078,1640
"353",24,2,35,5205,"24_2_35_5205",39.02789,-75.9441,1641
"354",10,1,1,471,"10_1_1_471",39.237208,-75.637599,1642
"355",34,1,11,63,"34_1_11_63",39.30567,-75.0274,1644
"356",39,1,15,3230,"39_1_15_3230",38.950859,-83.693365,1692
"357",39,1,1,219,"39_1_1_219",39.00007,-83.30547,1693
"358",39,1,131,140,"39_1_131_140",38.94452,-82.97212,1694
"359",39,1,145,4764,"39_1_145_4764",38.770896,-82.817967,1695
"360",39,1,53,52,"39_1_53_52",38.94452,-82.41655,1696
"361",54,4,53,1034,"54_4_53_1034",38.78696,-82.03598,1697
"362",54,4,35,45,"54_4_35_45",38.9723,-81.61096,1699
"363",54,2,7,1563,"54_2_7_1563",38.85528,-80.7185,1702
"364",54,2,97,39,"54_2_97_39",38.80566,-80.13869,1704
"365",54,2,71,1152,"54_2_71_1152",38.77789,-79.49977,1706
"366",54,2,23,95,"54_2_23_95",38.86122,-79.16643,1707
"367",51,4,171,90032,"51_4_171_90032",38.89,-78.58,1709
"368",51,3,157,90027,"51_3_157_90027",38.78,-78.08,1710
"369",51,3,61,90037,"51_3_61_90037",38.83,-77.89,1711
"370",51,3,59,90011,"51_3_59_90011",38.83,-77.42,1712
"371",51,3,13,3,"51_3_13_3",38.841528,-77.052355,1713
"372",24,2,3,5476,"24_2_3_5476",38.91678,-76.66635,1715
"373",24,2,41,5233,"24_2_41_5233",38.72234,-76.22189,1716
"374",24,2,11,75,"24_2_11_75",38.834904,-75.913806,1717
"375",34,1,9,5580,"34_1_9_5580",39.008133,-74.851699,1720
"376",54,4,11,2459,"54_4_11_2459",38.47142,-82.09016,1773
"377",54,3,15,1525,"54_3_15_1525",38.47278,-81.17701,1776
"378",54,4,13,38,"54_4_13_38",38.63898,-81.08317,1777
"379",54,3,67,166,"54_3_67_166",38.47233,-80.74982,1778
"380",54,2,101,145,"54_2_101_145",38.52789,-80.36091,1779
"381",54,2,75,244,"54_2_75_244",38.44647,-80.10369,1780
"382",51,4,139,24,"51_4_139_24",38.590187,-78.52959,1785
"383",51,3,47,90020,"51_3_47_90020",38.44,-78,1786
"384",51,3,153,45,"51_3_153_45",38.593541,-77.416996,1788
"385",24,2,33,57,"24_2_33_57",38.63901,-76.77747,1790
"386",24,3,9,68,"24_3_9_68",38.69456,-76.69413,1791
"387",24,4,19,5781,"24_4_19_5781",38.50012,-76.22189,1792
"388",24,4,45,55,"24_4_45_55",38.41679,-75.77743,1794
"389",10,1,5,242,"10_1_5_242",38.550018,-75.132141,1796
"390",54,4,99,1138,"54_4_99_1138",38.24101,-82.49486,1848
"391",54,3,5,1078,"54_3_5_1078",38.127329,-81.848518,1850
"392",54,3,25,1535,"54_3_25_1535",38.197796,-80.417346,1855
"393",51,4,17,90044,"51_4_17_90044",38.22,-79.72,1857
"394",51,4,91,66,"51_4_91_66",38.248187,-79.474736,1858
"395",51,4,15,90089,"51_4_15_90089",38.22,-78.86,1860
"396",51,3,3,56,"51_3_3_56",38.105517,-78.361614,1861
"397",51,3,137,90916,"51_3_137_90916",38.25,-78.06,1862
"398",51,3,177,90600,"51_3_177_90600",38.18,-77.65,1864
"399",51,1,33,61,"51_1_33_61",38.103584,-77.168038,1865
"400",51,1,193,90600,"51_1_193_90600",38.11,-76.8,1866
"401",24,3,37,1495,"24_3_37_1495",38.235098,-76.452402,1867
"402",24,4,39,79,"24_4_39_79",38.11123,-75.74965,1870
"403",54,3,59,67,"54_3_59_67",37.94454,-82.27764,1925
"404",54,3,19,84,"54_3_19_84",37.94455,-81.27761,1928
"405",51,4,5,90010,"51_4_5_90010",37.83,-80.14,1932
"406",51,3,65,90026,"51_3_65_90026",37.78,-78.28,1938
"407",51,1,97,21,"51_1_97_21",37.91779,-77.100892,1941
"408",51,1,57,90042,"51_1_57_90042",37.83,-76.86,1942
"409",51,1,159,13,"51_1_159_13",37.859852,-76.664118,1943
"410",24,4,47,1455,"24_4_47_1455",38.011031,-75.481766,1946
"411",54,3,45,1625,"54_3_45_1625",37.70234,-82.017125,2002
"412",54,3,109,1022,"54_3_109_1022",37.54011,-81.64282,2003
"413",54,3,63,37,"54_3_63_37",37.47234,-80.72202,2006
"414",51,4,23,33,"51_4_23_33",37.550518,-79.778671,2009
"415",51,3,9,90006,"51_3_9_90006",37.69,-79.31,2010
"416",51,2,29,90008,"51_2_29_90008",37.53,-78.72,2012
"417",51,2,49,90041,"51_2_49_90041",37.69,-78.11,2014
"418",51,2,145,90020,"51_2_145_90020",37.61,-77.89,2015
"419",51,1,85,90058,"51_1_85_90058",37.69,-77.5,2016
"420",51,1,127,18,"51_1_127_18",37.471128,-77.026047,2018
"421",51,1,103,90032,"51_1_103_90032",37.72,-76.42,2019
"422",51,1,133,12,"51_1_133_12",37.704983,-76.320317,2020
"423",51,1,1,47,"51_1_1_47",37.577203,-75.817953,2021
"424",51,5,51,37,"51_5_51_37",37.186305,-82.462848,2076
"425",51,5,27,90043,"51_5_27_90043",37.19,-81.78,2078
"426",51,5,185,5,"51_5_185_5",37.15328,-81.592538,2079
"427",54,3,55,1893,"54_3_55_1893",37.31671,-81.14985,2080
"428",51,5,21,90030,"51_5_21_90030",37.25,-81.08,2081
"429",51,5,71,52,"51_5_71_52",37.453736,-80.586041,2082
"430",51,4,45,44,"51_4_45_44",37.458481,-80.323464,2083
"431",51,4,161,90914,"51_4_161_90914",37.28,-80.08,2084
"432",51,2,19,90022,"51_2_19_90022",37.39,-79.72,2085
"433",51,2,31,90051,"51_2_31_90051",37.19,-79.08,2087
"434",51,2,11,90046,"51_2_11_90046",37.25,-78.69,2088
"435",51,2,147,29,"51_2_147_29",37.167148,-78.470985,2089
"436",51,2,135,19,"51_2_135_19",37.185528,-78.213577,2090
"437",51,2,7,8,"51_2_7_8",37.235561,-77.832096,2091
"438",51,1,41,49,"51_1_41_49",37.321405,-77.485063,2092
"439",51,1,36,90016,"51_1_36_90016",37.36,-77.14,2093
"440",51,1,95,5,"51_1_95_5",37.371157,-76.80609,2094
"441",51,1,73,90006,"51_1_73_90006",37.39,-76.58,2095
"442",51,1,115,90013,"51_1_115_90013",37.36,-76.28,2096
"443",39,NA,85,NA,NA,41.7111146419623,-81.1767100365312,NA
